{"initial_reset_timestamp": 1514427270.2442274, "timestamps": [1514427277.4058104], "episode_lengths": [4646], "episode_rewards": [8.0], "episode_types": ["t"]}