{"initial_reset_timestamp": 1514470257.3153014, "timestamps": [1514470261.747502], "episode_lengths": [3425], "episode_rewards": [13.0], "episode_types": ["t"]}