{"initial_reset_timestamp": 1514420932.6683342, "timestamps": [1514420942.3585389], "episode_lengths": [5859], "episode_rewards": [-3.0], "episode_types": ["t"]}