{"initial_reset_timestamp": 1514384166.2560973, "timestamps": [1514384169.005279], "episode_lengths": [2154], "episode_rewards": [-18.0], "episode_types": ["t"]}