{"initial_reset_timestamp": 1514482501.7583432, "timestamps": [1514482507.9482014], "episode_lengths": [4710], "episode_rewards": [7.0], "episode_types": ["t"]}