{"initial_reset_timestamp": 1514396229.9732099, "timestamps": [1514396235.5017407], "episode_lengths": [3486], "episode_rewards": [-10.0], "episode_types": ["t"]}