{"initial_reset_timestamp": 1514390167.7451475, "timestamps": [1514390171.108569], "episode_lengths": [2579], "episode_rewards": [-16.0], "episode_types": ["t"]}