{"initial_reset_timestamp": 1514500494.936282, "timestamps": [1514500500.6087623], "episode_lengths": [4089], "episode_rewards": [12.0], "episode_types": ["t"]}