{"initial_reset_timestamp": 1514476416.6005235, "timestamps": [1514476422.045536], "episode_lengths": [3166], "episode_rewards": [15.0], "episode_types": ["t"]}