{"initial_reset_timestamp": 1514408526.241711, "timestamps": [1514408533.3561122], "episode_lengths": [5214], "episode_rewards": [-2.0], "episode_types": ["t"]}