{"initial_reset_timestamp": 1514464136.6157956, "timestamps": [1514464143.096136], "episode_lengths": [4346], "episode_rewards": [13.0], "episode_types": ["t"]}