{"initial_reset_timestamp": 1514458042.530377, "timestamps": [1514458048.0267632], "episode_lengths": [3785], "episode_rewards": [-14.0], "episode_types": ["t"]}