{"initial_reset_timestamp": 1514402393.3938718, "timestamps": [1514402402.3484752], "episode_lengths": [4693], "episode_rewards": [-1.0], "episode_types": ["t"]}