{"initial_reset_timestamp": 1514433530.746153, "timestamps": [1514433540.8962545], "episode_lengths": [5604], "episode_rewards": [3.0], "episode_types": ["t"]}