{"initial_reset_timestamp": 1514488588.6381617, "timestamps": [1514488592.785466], "episode_lengths": [2920], "episode_rewards": [16.0], "episode_types": ["t"]}