{"initial_reset_timestamp": 1514494703.7148728, "timestamps": [1514494709.0376601], "episode_lengths": [4014], "episode_rewards": [11.0], "episode_types": ["t"]}