{"initial_reset_timestamp": 1514439622.196584, "timestamps": [1514439628.6884084], "episode_lengths": [3539], "episode_rewards": [12.0], "episode_types": ["t"]}