{"initial_reset_timestamp": 1514414718.4233236, "timestamps": [1514414726.9222076], "episode_lengths": [5036], "episode_rewards": [5.0], "episode_types": ["t"]}