{"initial_reset_timestamp": 1514445835.6823018, "timestamps": [1514445841.1701536], "episode_lengths": [3840], "episode_rewards": [9.0], "episode_types": ["t"]}