{"initial_reset_timestamp": 1514452021.178505, "timestamps": [1514452026.864655], "episode_lengths": [4313], "episode_rewards": [11.0], "episode_types": ["t"]}