{"initial_reset_timestamp": 1514379149.6220512, "timestamps": [1514379151.0544932], "episode_lengths": [1003], "episode_rewards": [-21.0], "episode_types": ["t"]}