{"initial_reset_timestamp": 1515030191.5749373, "timestamps": [1515030194.3458958], "episode_lengths": [1346], "episode_rewards": [-21.0], "episode_types": ["t"]}