{"initial_reset_timestamp": 1515038691.9092026, "timestamps": [1515038693.1765335], "episode_lengths": [1231], "episode_rewards": [-20.0], "episode_types": ["t"]}