{"initial_reset_timestamp": 1515036280.1870124, "timestamps": [1515036281.3327193], "episode_lengths": [1043], "episode_rewards": [-21.0], "episode_types": ["t"]}