{"initial_reset_timestamp": 1515037493.9102588, "timestamps": [1515037494.979851], "episode_lengths": [1027], "episode_rewards": [-21.0], "episode_types": ["t"]}