{"initial_reset_timestamp": 1515054409.9474578, "timestamps": [1515054411.563848], "episode_lengths": [1119], "episode_rewards": [-21.0], "episode_types": ["t"]}