{"initial_reset_timestamp": 1515041083.1325786, "timestamps": [1515041084.3672118], "episode_lengths": [1221], "episode_rewards": [-21.0], "episode_types": ["t"]}