{"initial_reset_timestamp": 1515043474.8945508, "timestamps": [1515043476.1611037], "episode_lengths": [1272], "episode_rewards": [-21.0], "episode_types": ["t"]}