{"initial_reset_timestamp": 1515049531.5252392, "timestamps": [1515049532.5670445], "episode_lengths": [1008], "episode_rewards": [-21.0], "episode_types": ["t"]}