{"initial_reset_timestamp": 1515044676.8726172, "timestamps": [1515044677.9963472], "episode_lengths": [1092], "episode_rewards": [-21.0], "episode_types": ["t"]}