{"initial_reset_timestamp": 1515039885.1601944, "timestamps": [1515039886.2182825], "episode_lengths": [1020], "episode_rewards": [-21.0], "episode_types": ["t"]}