{"initial_reset_timestamp": 1515045878.5339303, "timestamps": [1515045879.899848], "episode_lengths": [1356], "episode_rewards": [-21.0], "episode_types": ["t"]}