{"initial_reset_timestamp": 1515042273.8049285, "timestamps": [1515042274.8573976], "episode_lengths": [1023], "episode_rewards": [-21.0], "episode_types": ["t"]}