{"initial_reset_timestamp": 1515033854.6256893, "timestamps": [1515033856.9927063], "episode_lengths": [1118], "episode_rewards": [-20.0], "episode_types": ["t"]}