{"initial_reset_timestamp": 1515051970.871666, "timestamps": [1515051971.9878592], "episode_lengths": [1091], "episode_rewards": [-21.0], "episode_types": ["t"]}