{"initial_reset_timestamp": 1515053183.8548315, "timestamps": [1515053184.9128087], "episode_lengths": [1023], "episode_rewards": [-21.0], "episode_types": ["t"]}