{"initial_reset_timestamp": 1515035066.524535, "timestamps": [1515035068.2754924], "episode_lengths": [1019], "episode_rewards": [-21.0], "episode_types": ["t"]}