{"initial_reset_timestamp": 1515048309.3619833, "timestamps": [1515048311.335545], "episode_lengths": [1517], "episode_rewards": [-21.0], "episode_types": ["t"]}