{"initial_reset_timestamp": 1515032638.0395703, "timestamps": [1515032638.962817], "episode_lengths": [1023], "episode_rewards": [-21.0], "episode_types": ["t"]}