{"initial_reset_timestamp": 1515050753.0058012, "timestamps": [1515050754.0594132], "episode_lengths": [1008], "episode_rewards": [-21.0], "episode_types": ["t"]}