{"initial_reset_timestamp": 1514377894.0596905, "timestamps": [1514377897.490246], "episode_lengths": [1044], "episode_rewards": [-21.0], "episode_types": ["t"]}