{"initial_reset_timestamp": 1515031399.8500347, "timestamps": [1515031400.9459922], "episode_lengths": [1020], "episode_rewards": [-21.0], "episode_types": ["t"]}