{"initial_reset_timestamp": 1515047080.8682652, "timestamps": [1515047082.1265497], "episode_lengths": [1253], "episode_rewards": [-21.0], "episode_types": ["t"]}