{"initial_reset_timestamp": 1519786232.7582562, "timestamps": [1519786233.334584], "episode_lengths": [16], "episode_rewards": [16.0], "episode_types": ["t"]}