{"initial_reset_timestamp": 1519786269.5047715, "timestamps": [1519786272.8632636], "episode_lengths": [200], "episode_rewards": [200.0], "episode_types": ["t"]}