{"initial_reset_timestamp": 1515152090.9032269, "timestamps": [1515152100.0015163], "episode_lengths": [5151], "episode_rewards": [4.0], "episode_types": ["t"]}