{"initial_reset_timestamp": 1515179174.4748065, "timestamps": [1515179180.3046525], "episode_lengths": [4133], "episode_rewards": [6.0], "episode_types": ["t"]}