{"initial_reset_timestamp": 1515143225.5057127, "timestamps": [1515143230.130329], "episode_lengths": [2684], "episode_rewards": [19.0], "episode_types": ["t"]}