{"initial_reset_timestamp": 1514567978.1133306, "timestamps": [1514567984.5023022], "episode_lengths": [4062], "episode_rewards": [6.0], "episode_types": ["t"]}