{"initial_reset_timestamp": 1515070585.1679862, "timestamps": [1515070588.3563485], "episode_lengths": [2158], "episode_rewards": [-18.0], "episode_types": ["t"]}