{"initial_reset_timestamp": 1514605442.8420336, "timestamps": [1514605448.461854], "episode_lengths": [3392], "episode_rewards": [11.0], "episode_types": ["t"]}