{"initial_reset_timestamp": 1514577335.1360133, "timestamps": [1514577340.4286182], "episode_lengths": [3389], "episode_rewards": [11.0], "episode_types": ["t"]}