{"initial_reset_timestamp": 1515054493.0901425, "timestamps": [1515054494.7860174], "episode_lengths": [1019], "episode_rewards": [-21.0], "episode_types": ["t"]}