{"initial_reset_timestamp": 1514586563.7512739, "timestamps": [1514586569.9550467], "episode_lengths": [2756], "episode_rewards": [17.0], "episode_types": ["t"]}