{"initial_reset_timestamp": 1515097452.4832442, "timestamps": [1515097462.6021056], "episode_lengths": [5221], "episode_rewards": [-1.0], "episode_types": ["t"]}