{"initial_reset_timestamp": 1515170286.1039672, "timestamps": [1515170291.3242443], "episode_lengths": [3725], "episode_rewards": [12.0], "episode_types": ["t"]}