{"initial_reset_timestamp": 1515233077.0768325, "timestamps": [1515233080.8026366], "episode_lengths": [2465], "episode_rewards": [19.0], "episode_types": ["t"]}