{"initial_reset_timestamp": 1515188069.811521, "timestamps": [1515188073.8286536], "episode_lengths": [2835], "episode_rewards": [15.0], "episode_types": ["t"]}