{"initial_reset_timestamp": 1514512097.9089913, "timestamps": [1514512099.7973597], "episode_lengths": [1117], "episode_rewards": [-21.0], "episode_types": ["t"]}