{"initial_reset_timestamp": 1515079498.1271925, "timestamps": [1515079502.2441244], "episode_lengths": [2707], "episode_rewards": [-16.0], "episode_types": ["t"]}