{"initial_reset_timestamp": 1514595887.9417417, "timestamps": [1514595896.2958257], "episode_lengths": [3523], "episode_rewards": [10.0], "episode_types": ["t"]}