{"initial_reset_timestamp": 1515061773.193478, "timestamps": [1515061776.6132095], "episode_lengths": [2329], "episode_rewards": [-19.0], "episode_types": ["t"]}