{"initial_reset_timestamp": 1515088339.6328037, "timestamps": [1515088349.047047], "episode_lengths": [4381], "episode_rewards": [-8.0], "episode_types": ["t"]}