{"initial_reset_timestamp": 1514529844.301438, "timestamps": [1514529849.566224], "episode_lengths": [3354], "episode_rewards": [-16.0], "episode_types": ["t"]}