{"initial_reset_timestamp": 1514558545.073707, "timestamps": [1514558552.2184348], "episode_lengths": [4525], "episode_rewards": [-3.0], "episode_types": ["t"]}