{"initial_reset_timestamp": 1515125206.3448088, "timestamps": [1515125213.7042384], "episode_lengths": [3299], "episode_rewards": [16.0], "episode_types": ["t"]}