{"initial_reset_timestamp": 1514549002.4559305, "timestamps": [1514549011.3027928], "episode_lengths": [4257], "episode_rewards": [-3.0], "episode_types": ["t"]}