{"initial_reset_timestamp": 1514520277.2678225, "timestamps": [1514520281.461987], "episode_lengths": [2705], "episode_rewards": [-18.0], "episode_types": ["t"]}