{"initial_reset_timestamp": 1515206097.39913, "timestamps": [1515206105.4253583], "episode_lengths": [3667], "episode_rewards": [11.0], "episode_types": ["t"]}