{"initial_reset_timestamp": 1514539470.688723, "timestamps": [1514539478.0965698], "episode_lengths": [3480], "episode_rewards": [-13.0], "episode_types": ["t"]}