{"initial_reset_timestamp": 1515115876.5858335, "timestamps": [1515115885.2996688], "episode_lengths": [4243], "episode_rewards": [6.0], "episode_types": ["t"]}