{"initial_reset_timestamp": 1515134105.327688, "timestamps": [1515134110.8018088], "episode_lengths": [2578], "episode_rewards": [18.0], "episode_types": ["t"]}