{"initial_reset_timestamp": 1515224302.9143918, "timestamps": [1515224308.3853931], "episode_lengths": [2744], "episode_rewards": [19.0], "episode_types": ["t"]}