{"initial_reset_timestamp": 1515161085.5154655, "timestamps": [1515161090.1187062], "episode_lengths": [3268], "episode_rewards": [16.0], "episode_types": ["t"]}