{"initial_reset_timestamp": 1515106664.543425, "timestamps": [1515106672.1768892], "episode_lengths": [5161], "episode_rewards": [-5.0], "episode_types": ["t"]}