{"initial_reset_timestamp": 1515215238.2901955, "timestamps": [1515215243.6649315], "episode_lengths": [3318], "episode_rewards": [14.0], "episode_types": ["t"]}